huongdanviendulich,makh
Dalia Cummerata Sr.,1010
Robby Macejkovic V,1011
Maya Carter,1012
Isaura Ernser,1014
Ehtel Hackett,1016
Ann Kohler,1017
Joseph Stiedemann,1018
Matthew Rempel,1021
Mr. Carola Schmitt,1022
Odell Gulgowski,1023
Mrs. Berry Hodkiewicz,1025
Vern Runolfsson,1027
Walker Schuster,1029
Raven Klein,1030
Jayson Koepp MD,1032
Jacelyn Russel IV,1033
Elijah Erdman,1035
Miss Loni Muller,1036
Daryl MacGyver,1038
Denese Okuneva,1040
Mr. Jarvis Jones,1041
Sam Kuhlman,1044
Rocky Hagenes,1045
Britt O'Reilly PhD,1048
Dr. Jody Flatley,1049
Wm Weimann,1051
Twyla Ullrich,1052
Nick Ullrich,1054
Rosalind Nolan,1055
Marvin Kris,1057
Mohammed Herman,1060
Jamel Feest,1065
Mrs. Daina Kshlerin,1070
Melvin Prohaska,1072
John Lakin,1073
Trevor Doyle,1074
Audra Dare,1075
Vito Beahan,1077
Alan Bailey,1080
Jennie Gerlach MD,1082
Anette White,1083
Charla Welch,1088
Josiah Hyatt,1090
Edmundo Adams,1091
Illa Wolff,1092
Seth Gislason III,1094
Jacqulyn Dooley,1099
Sherwood Boehm,1101
Shayne Kirlin,1102
Lincoln Mante,1103
Kendal Bashirian,1108
Dahlia Wunsch IV,1110
Maragret Zboncak,1113
Lizzie Cronin,1114
Celine Ortiz II,1117
Maryln Fadel,1118
Raleigh Sporer,1121
Lauran Huel,1122
Patricia Schaefer,1124
Michael Kirlin,1129
Joe Romaguera,1131
Palmer Kessler,1132
Adela Ziemann,1134
Mrs. Marcus Goldner,1135
Ms. Lonnie Heidenreich,1137
Jasmine Macejkovic,1138
Mr. Madalyn Nikolaus,1139
Angelina Larkin,1143
Alecia Metz,1144
Marlin Carter,1146
Elicia Feil,1147
Joellen Stanton,1149
